fingerprint_id,person_name,confirmed_at
1,User_1,2026-04-02T04:37:52.304997+00:00
2,User_2,2026-04-02T04:37:52.304997+00:00
3,User_3,2026-04-02T04:37:52.304997+00:00
4,User_4,2026-04-02T04:37:52.304997+00:00
5,User_5,2026-04-02T04:37:52.304997+00:00
6,User_6,2026-04-02T04:37:52.304997+00:00
7,User_7,2026-04-02T04:37:52.304997+00:00
8,User_8,2026-04-02T04:37:52.304997+00:00
9,User_9,2026-04-02T04:37:52.304997+00:00
10,User_10,2026-04-02T04:37:52.304997+00:00
11,User_11,2026-04-02T04:37:52.304997+00:00
12,User_12,2026-04-02T04:37:52.304997+00:00
13,User_13,2026-04-02T04:37:52.304997+00:00
14,User_14,2026-04-02T04:37:52.304997+00:00
15,User_15,2026-04-02T04:37:52.304997+00:00
16,User_16,2026-04-02T04:37:52.304997+00:00
